"DESCRIPTION","DURATION IN MS","NAME","PARENT SUITE","START TIME","STATUS","STOP TIME","SUB SUITE","SUITE","TEST CLASS","TEST METHOD"
"","1","Login to the Web application and then logout","chromium","Mon Sep 29 12:07:34 IST 2025","skipped","Mon Sep 29 12:07:34 IST 2025","","login.spec.ts","",""
"","4","Login to the QA test page and practice check box excercise","firefox","Sat Sep 27 18:01:50 IST 2025","failed","Sat Sep 27 18:01:50 IST 2025","","02_CheckBox.spec.ts","",""
"","12","Login to the QA test page and practice text box ecercise","firefox","Sat Sep 27 18:01:50 IST 2025","failed","Sat Sep 27 18:01:50 IST 2025","","01_TextBox.spec.ts","",""
"","0","Login to the Web application and then logout","firefox","Thu Sep 25 16:33:55 IST 2025","skipped","Thu Sep 25 16:33:55 IST 2025","","login.spec.ts","",""
"","7490","Login to the QA test page and practice text box ecercise","webkit","Thu Sep 25 16:33:56 IST 2025","failed","Thu Sep 25 16:34:03 IST 2025","","01_TextBox.spec.ts","",""
"","25951","Login to the QA test page and practice text box ecercise","chromium","Mon Sep 29 12:07:35 IST 2025","passed","Mon Sep 29 12:08:01 IST 2025","","01_TextBox.spec.ts","",""
"","0","Login to the Web application and then logout","webkit","Thu Sep 25 16:33:55 IST 2025","skipped","Thu Sep 25 16:33:55 IST 2025","","login.spec.ts","",""
"","27448","Login to the QA test page and practice check box excercise","chromium","Mon Sep 29 12:07:35 IST 2025","passed","Mon Sep 29 12:08:02 IST 2025","","02_CheckBox.spec.ts","",""
"","91863","Land in to the QA test page and practice radio button excercise","chromium","Mon Sep 29 12:14:39 IST 2025","broken","Mon Sep 29 12:16:11 IST 2025","","03_RadioButtons.spec.ts","",""
